{
    "name": "button",
    "version": "1.0.0",
    "dependencies": {
        "css-reset": "*",
        "ls-vendor": "*",
        "ls-core": "*",
        "icon": "*"
    },
    "templates": {
        "button": "button.tpl",
        "toolbar": "toolbar.tpl",
        "group": "group.tpl"
    },
    "scripts": {
        "button-polyfills": "js/button-polyfills.js"
    },
    "styles": {
        "button": "css/button.css",
        "toolbar": "css/toolbar.css",
        "group": "css/group.css"
    }
}