{
    "name": "field",
    "version": "1.0.0",
    "dependencies": {
        "ls-vendor": "*",
        "ls-core": "*",
        "ls-component": "*",
        "css-reset": "*",
        "forms": "*"
    },
    "templates": {
        "field": "field.tpl",
        "captcha": "field.captcha.tpl",
        "captcha-kcaptcha": "field.captcha-kcaptcha.tpl",
        "captcha-recaptcha": "field.captcha-recaptcha.tpl",
        "category": "field.category.tpl",
        "checkbox": "field.checkbox.tpl",

        "date": "field.date.tpl",
        "time": "field.time.tpl",

        "email": "field.email.tpl",
        "autocomplete": "field.autocomplete.tpl",
        "file": "field.file.tpl",
        "geo": "field.geo.tpl",
        "hidden": "field.hidden.tpl",
        "hidden.security-key": "field.hidden.security-key.tpl",
        "image-ajax-items": "field.image-ajax-items.tpl",
        "image-ajax": "field.image-ajax.tpl",
        "image": "field.image.tpl",
        "radio": "field.radio.tpl",
        "select": "field.select.tpl",
        "text": "field.text.tpl",
        "textarea": "field.textarea.tpl",
        "upload-area": "field.upload-area.tpl"
    },
    "scripts": {
        "vendor-chosen": "vendor/chosen/chosen.jquery.js",
        "vendor-chosen-order": "vendor/chosen-order/chosen.order.jquery.js",
        "vendor-chosen-ajax": "vendor/ajax-chosen/lib/ajax-chosen.js",
        "vendor-autocomplete": "vendor/jquery-autocomplete/dist/jquery.autocomplete.js",
        "vendor-parsley": "vendor/parsley/dist/parsley.js",
        "vendor-parsley-ru": "vendor/parsley/dist/i18n/ru.js",
        "vendor-pikaday": "vendor/pikaday/pikaday.js",
        "vendor-pikaday-jquery": "vendor/pikaday/pikaday.jquery.js",
        "vendor-timepicker": "vendor/timepicker/jquery.timepicker.js",

        "validation": "js/validation.js",

        "autocomplete": "js/autocomplete.js",

        "date-ru": "js/field.date.ru.js",
        "date": "js/date.js",
        "time": "js/time.js",

        "captcha": "js/field.captcha.js",
        "recaptcha": "js/field.recaptcha.js",

        "field-autocomplete": "js/field.autocomplete.js",
        "geo": "js/field.geo.js",
        "image-ajax": "js/field.image-ajax.js"
    },
    "styles": {
        "vendor-chosen": "vendor/chosen/chosen.css",
        "vendor-pikaday": "vendor/pikaday/css/pikaday.css",
        "vendor-timepicker": "vendor/timepicker/jquery.timepicker.css",
        "autocomplete": "css/autocomplete.css",
        "field": "css/field.css"
    }
}
